Keyword,Extension,FullDomain
bill,.me,bill.me
quote,.me,quote.me
charge,.me,charge.me
sponsor,.me,sponsor.me
pledge,.me,pledge.me
grant,.me,grant.me
award,.me,award.me
reward,.me,reward.me
gift,.me,gift.me
box,.me,box.me
deliver,.me,deliver.me
dock,.me,dock.me
park,.me,park.me
land,.me,land.me
board,.me,board.me
enter,.me,enter.me
exit,.me,exit.me
leave,.me,leave.me
visit,.me,visit.me
tour,.me,tour.me
follow,.me,follow.me
chase,.me,chase.me
catch,.me,catch.me
trap,.me,trap.me
snare,.me,snare.me
hook,.me,hook.me
fish,.me,fish.me
farm,.me,farm.me
sow,.me,sow.me
reap,.me,reap.me
harvest,.me,harvest.me
sift,.me,sift.me
scrub,.me,scrub.me
wax,.me,wax.me
buff,.me,buff.me
coat,.me,coat.me
outline,.me,outline.me
shade,.me,shade.me
tint,.me,tint.me
dye,.me,dye.me
whisk,.me,whisk.me
whip,.me,whip.me
beat,.me,beat.me
crush,.me,crush.me
grind,.me,grind.me
mill,.me,mill.me
chop,.me,chop.me
slice,.me,slice.me
dice,.me,dice.me
cut,.me,cut.me
trim,.me,trim.me
shave,.me,shave.me
peel,.me,peel.me
core,.me,core.me
water,.me,water.me
nurse,.me,nurse.me
breed,.me,breed.me
tame,.me,tame.me
pet,.me,pet.me
hug,.me,hug.me
entertain,.me,entertain.me
amuse,.me,amuse.me
thrill,.me,thrill.me
scare,.me,scare.me
shock,.me,shock.me
surprise,.me,surprise.me
amaze,.me,amaze.me
wow,.me,wow.me
impress,.me,impress.me
charm,.me,charm.me
lure,.me,lure.me
tempt,.me,tempt.me
tease,.me,tease.me
try,.me,try.me
prove,.me,prove.me
check,.me,check.me
inspect,.me,inspect.me
endorse,.me,endorse.me
vet,.me,vet.me
screen,.me,screen.me
sack,.me,sack.me
quit,.me,quit.me
resign,.me,resign.me
retire,.me,retire.me
rest,.me,rest.me
nap,.me,nap.me
relax,.me,relax.me
party,.me,party.me
joke,.me,joke.me
laugh,.me,laugh.me
smile,.me,smile.me
encrypt,.me,encrypt.me
decrypt,.me,decrypt.me
compile,.me,compile.me
hack,.me,hack.me
log,.me,log.me
boot,.me,boot.me
index,.me,index.me
crawl,.me,crawl.me
scrape,.me,scrape.me