ï»¿Keyword,Domain,Category
hire,hire.me,Action (CTA)
chat,chat.me,Action (CTA)
find,find.me,Generic/Personal
call,call.me,Action (CTA)
link,link.me,Generic/Personal
join,join.me,Action (CTA)
watch,watch.me,Generic/Personal
look,look.me,Generic/Personal
ask,ask.me,Generic/Personal
meet,meet.me,Generic/Personal
pick,pick.me,Generic/Personal
send,send.me,Generic/Personal
gift,gift.me,Generic/Personal
pay,pay.me,Action (CTA)
buy,buy.me,Action (CTA)
sell,sell.me,Generic/Personal
rent,rent.me,Generic/Personal
book,book.me,Action (CTA)
save,save.me,Generic/Personal
scan,scan.me,Generic/Personal
tell,tell.me,Generic/Personal
show,show.me,Generic/Personal
teach,teach.me,Generic/Personal
learn,learn.me,Generic/Personal
read,read.me,Generic/Personal
write,write.me,Generic/Personal
blog,blog.me,Generic/Personal
post,post.me,Generic/Personal
share,share.me,Generic/Personal
like,like.me,Generic/Personal
vote,vote.me,Generic/Personal
play,play.me,Generic/Personal
game,game.me,Generic/Personal
win,win.me,Generic/Personal
score,score.me,Generic/Personal
bet,bet.me,Generic/Personal
race,race.me,Generic/Personal
ride,ride.me,Generic/Personal
drive,drive.me,Generic/Personal
fly,fly.me,Generic/Personal
travel,travel.me,Generic/Personal
tour,tour.me,Generic/Personal
stay,stay.me,Generic/Personal
eat,eat.me,Generic/Personal
drink,drink.me,Generic/Personal
cook,cook.me,Generic/Personal
bake,bake.me,Generic/Personal
grow,grow.me,Generic/Personal
farm,farm.me,Generic/Personal
build,build.me,Generic/Personal
fix,fix.me,Generic/Personal
clean,clean.me,Generic/Personal
wash,wash.me,Generic/Personal
fit,fit.me,Generic/Personal
run,run.me,Generic/Personal
walk,walk.me,Generic/Personal
jump,jump.me,Generic/Personal
dance,dance.me,Generic/Personal
sing,sing.me,Generic/Personal
draw,draw.me,Generic/Personal
paint,paint.me,Generic/Personal
art,art.me,Generic/Personal
code,code.me,Technology
hack,hack.me,Generic/Personal
test,test.me,Generic/Personal
data,data.me,Technology
ai,ai.me,Technology
bot,bot.me,Technology
web,web.me,Technology
app,app.me,Technology
tech,tech.me,Technology
pro,pro.me,Generic/Personal
expert,expert.me,Generic/Personal
boss,boss.me,Generic/Personal
lead,lead.me,Generic/Personal
coach,coach.me,Generic/Personal
guide,guide.me,Generic/Personal
help,help.me,Generic/Personal
care,care.me,Generic/Personal
heal,heal.me,Generic/Personal
pure,pure.me,Generic/Personal
real,real.me,Generic/Personal
TRUE,true.me,Generic/Personal
free,free.me,Generic/Personal
fast,fast.me,Generic/Personal
slow,slow.me,Generic/Personal
easy,easy.me,Generic/Personal
hard,hard.me,Generic/Personal
smart,smart.me,Generic/Personal
cool,cool.me,Generic/Personal
hot,hot.me,Generic/Personal
cold,cold.me,Generic/Personal
gold,gold.me,Generic/Personal
star,star.me,Generic/Personal
rich,rich.me,Generic/Personal
love,love.me,Generic/Personal
life,life.me,Generic/Personal
mind,mind.me,Generic/Personal
body,body.me,Generic/Personal
soul,soul.me,Generic/Personal