الكلمة (Keyword),النطاق (Domain),التصنيف (Category)
reach,reach.me,Call to Action (CTA)
talk,talk.me,Call to Action (CTA)
ping,ping.me,Call to Action (CTA)
mail,mail.me,Brand / Personal
text,text.me,Brand / Personal
sync,sync.me,Call to Action (CTA)
host,host.me,Brand / Personal
view,view.me,Brand / Personal
browse,browse.me,Brand / Personal
stream,stream.me,Brand / Personal
cast,cast.me,Brand / Personal
snap,snap.me,Brand / Personal
clip,clip.me,Brand / Personal
edit,edit.me,Brand / Personal
make,make.me,Call to Action (CTA)
design,design.me,Brand / Personal
plan,plan.me,Call to Action (CTA)
map,map.me,Brand / Personal
track,track.me,Call to Action (CTA)
check,check.me,Call to Action (CTA)
verify,verify.me,Call to Action (CTA)
trust,trust.me,Brand / Personal
safe,safe.me,Brand / Personal
secure,secure.me,Brand / Personal
guard,guard.me,Brand / Personal
cloud,cloud.me,Technology / Infrastructure
core,core.me,Technology / Infrastructure
base,base.me,Brand / Personal
hub,hub.me,Technology / Infrastructure
lab,lab.me,Technology / Infrastructure
net,net.me,Technology / Infrastructure
zone,zone.me,Brand / Personal
site,site.me,Brand / Personal
page,page.me,Brand / Personal
feed,feed.me,Brand / Personal
news,news.me,Brand / Personal
info,info.me,Brand / Personal
fact,fact.me,Brand / Personal
deal,deal.me,Business / Finance
offer,offer.me,Business / Finance
sale,sale.me,Business / Finance
shop,shop.me,Business / Finance
cart,cart.me,Brand / Personal
cash,cash.me,Business / Finance
coin,coin.me,Brand / Personal
fund,fund.me,Business / Finance
bank,bank.me,Business / Finance
loan,loan.me,Brand / Personal
cost,cost.me,Brand / Personal
tax,tax.me,Brand / Personal
bill,bill.me,Brand / Personal
card,card.me,Brand / Personal
perk,perk.me,Brand / Personal
club,club.me,Brand / Personal
team,team.me,Brand / Personal
crew,crew.me,Brand / Personal
staff,staff.me,Brand / Personal
work,work.me,Brand / Personal
job,job.me,Brand / Personal
task,task.me,Brand / Personal
flow,flow.me,Brand / Personal
mode,mode.me,Brand / Personal
style,style.me,Brand / Personal
glam,glam.me,Brand / Personal
trend,trend.me,Brand / Personal
vibe,vibe.me,Brand / Personal
mood,mood.me,Brand / Personal
feel,feel.me,Brand / Personal
spirit,spirit.me,Brand / Personal
hero,hero.me,Brand / Personal
idol,idol.me,Brand / Personal
icon,icon.me,Brand / Personal
moon,moon.me,Brand / Personal
sun,sun.me,Brand / Personal
sky,sky.me,Brand / Personal
space,space.me,Brand / Personal
land,land.me,Brand / Personal
home,home.me,Brand / Personal
room,room.me,Brand / Personal
house,house.me,Brand / Personal
place,place.me,Brand / Personal
spot,spot.me,Brand / Personal
point,point.me,Brand / Personal
mark,mark.me,Brand / Personal
step,step.me,Brand / Personal
path,path.me,Brand / Personal
road,road.me,Brand / Personal
way,way.me,Brand / Personal
gate,gate.me,Brand / Personal
door,door.me,Brand / Personal
key,key.me,Brand / Personal
lock,lock.me,Brand / Personal
script,script.me,Technology / Infrastructure
logic,logic.me,Technology / Infrastructure
math,math.me,Brand / Personal
skill,skill.me,Brand / Personal
talent,talent.me,Brand / Personal
brand,brand.me,Brand / Personal
press,press.me,Brand / Personal
voice,voice.me,Brand / Personal