ï»¿Domain,Keyword,Category,Market Rationale
audit.tech,audit,Enterprise,"Regulatory tech, accounting software, security audits."
asset.tech,asset,Enterprise,"Wealth tech, digital asset management."
client.tech,client,Enterprise,"CRM, service-based platforms."
agent.tech,agent,Enterprise,"AI agents, real estate tech, customer service."
office.tech,office,Enterprise,"Remote work tech, proptech, productivity."
staff.tech,staff,Enterprise,"HR tech, scheduling, workforce management."
board.tech,board,Enterprise,"Governance tech, project management boards."
suite.tech,suite,Enterprise,"Software bundles, hospitality tech."
group.tech,group,Enterprise,"Social tech, enterprise organizations."
firm.tech,firm,Enterprise,"Legal tech, consulting platforms."
unit.tech,unit,Enterprise,"Hardware components, modular tech."
core.tech,core,Enterprise,"Backend infrastructure, fundamental tech."
base.tech,base,Enterprise,"Databases, headquarters, cloud foundations."
head.tech,head,Enterprise,"Leadership tech, biometrics, hardware."
main.tech,main,Enterprise,"Primary infrastructure, central systems."
host.tech,host,Enterprise,"Cloud hosting, event management."
guest.tech,guest,Enterprise,"Hospitality tech, access management."
lead.tech,lead,Enterprise,"Marketing automation, CRM, leadership."
plan.tech,plan,Enterprise,"SaaS strategy, financial planning."
task.tech,task,Enterprise,"Workflow automation, project management."
social.tech,social,Social & Human,"Social networking, marketing tech."
friend.tech,friend,Social & Human,"Social apps, connectivity, AI companions."
bond.tech,bond,Social & Human,"Social tech, material science, fintech."
folk.tech,folk,Social & Human,"Community platforms, niche social tech."
soul.tech,soul,Social & Human,"Wellness apps, mental health, creative AI."
mind.tech,mind,Social & Human,"AI reasoning, mental health tech."
life.tech,life,Social & Human,"Biotech, longevity, health tech."
heart.tech,heart,Social & Human,"Cardiology tech, dating apps."
face.tech,face,Social & Human,"Facial recognition, UI/UX."
voice.tech,voice,Social & Human,"Voice AI, assistants, audio tech."
speak.tech,speak,Social & Human,"Language learning, translation AI."
talk.tech,talk,Social & Human,"Messaging, communication platforms."
meet.tech,meet,Social & Human,"Video conferencing, networking tech."
join.tech,join,Social & Human,"Collaboration tools, social networks."
share.tech,share,Social & Human,"File sharing, social media, gig economy."
care.tech,care,Social & Human,"Healthcare tech, elderly care."
help.tech,help,Social & Human,"Support tech, accessibility apps."
mate.tech,mate,Social & Human,"Dating tech, collaborative bots."
love.tech,love,Social & Human,"Dating tech, philanthropy apps."
kind.tech,kind,Social & Human,"Social impact tech, classification."
power.tech,power,Energy & Nature,"Energy tech, performance boosting."
fuel.tech,fuel,Energy & Nature,"Performance, energy tech, food tech."
energy.tech,energy,Energy & Nature,"Renewable energy, sustainability tech."
solar.tech,solar,Energy & Nature,"Solar tech, bright innovation."
wind.tech,wind,Energy & Nature,"Wind energy, aerodynamics."
hydro.tech,hydro,Energy & Nature,"Water energy, clean tech."
green.tech,green,Energy & Nature,"Sustainability, eco-friendly tech."
eco.tech,eco,Energy & Nature,"Ecology, green technology."
blue.tech,blue,Energy & Nature,"Ocean tech, maritime, deep tech."
sun.tech,sun,Energy & Nature,"Solar power, bright UI."
moon.tech,moon,Energy & Nature,"Space tech, nocturnal apps."
star.tech,star,Energy & Nature,"Rating systems, aerospace."
sky.tech,sky,Energy & Nature,"Cloud computing, aerospace."
earth.tech,earth,Energy & Nature,"Sustainability, GIS, mapping."
ocean.tech,ocean,Energy & Nature,"Marine tech, deep sea research."
land.tech,land,Energy & Nature,"Agriculture tech, mapping."
soil.tech,soil,Energy & Nature,"Agri-tech, environmental sensors."
crop.tech,crop,Energy & Nature,"Agriculture automation, food tech."
farm.tech,farm,Energy & Nature,"AgTech, server farms."
seed.tech,seed,Energy & Nature,"AgTech, VC funding platforms."
trust.tech,trust,Strategic,"Cybersecurity, verification, blockchain."
truth.tech,truth,Strategic,"Fact-checking AI, verification."
proof.tech,proof,Strategic,"Cryptography, mathematical verification."
pure.tech,pure,Strategic,"Clean code, simple UX, clean tech."
true.tech,TRUE,Strategic,"Verification, authentic data."
real.tech,real,Strategic,"AR/VR, real estate, authenticity."
safe.tech,safe,Strategic,"Cybersecurity, physical safety tech."
lock.tech,lock,Strategic,"Encryption, proptech, smart locks."
key.tech,key,Strategic,"Encryption keys, physical security."
prime.tech,prime,Strategic,"Premium services, foundational tech."
apex.tech,apex,Strategic,"Top performance, leadership tech."
zenith.tech,zenith,Strategic,"Peak performance, aerospace."
logic.tech,logic,Strategic,"Algorithms, consulting, AI."
axiom.tech,axiom,Strategic,"Logical processing, cryptography."
core.tech,core,Strategic,"Infrastructure, backend deep tech."
alpha.tech,alpha,Strategic,"Early access, leading tech."
omega.tech,omega,Strategic,"Ultimate solutions, final iteration."
delta.tech,delta,Strategic,"Change tracking, aviation, logic."
sigma.tech,sigma,Strategic,"Statistics, quality control."
gamma.tech,gamma,Strategic,"High energy tech, science."
tool.tech,tool,Hardware & Tools,"Developer tools, hardware utility."
kit.tech,kit,Hardware & Tools,"SaaS templates, hardware kits."
set.tech,set,Hardware & Tools,"UI kits, logic sets."
box.tech,box,Hardware & Tools,"Hardware, sandboxes, logistics."
case.tech,case,Hardware & Tools,"Hardware, legal tech, packaging."
tray.tech,tray,Hardware & Tools,"Logistics, data management, UI."
bin.tech,bin,Hardware & Tools,"Data storage, waste tech."
iron.tech,iron,Hardware & Tools,"Industrial tech, strong infra."
steel.tech,steel,Hardware & Tools,"Construction tech, robustness."
gold.tech,gold,Hardware & Tools,"Fintech, premium services."
silver.tech,silver,Hardware & Tools,"Tier 2 services, materials."
glass.tech,glass,Hardware & Tools,"Optics, displays, transparency."
wood.tech,wood,Hardware & Tools,"Eco-tech, material science."
stone.tech,stone,Hardware & Tools,"Solid foundations, secure storage."
rock.tech,rock,Hardware & Tools,"Reliability, industrial tech."
clay.tech,clay,Hardware & Tools,"Modeling software, manufacturing."
silk.tech,silk,Hardware & Tools,"Smooth UX, material science."
wire.tech,wire,Hardware & Tools,"Connectivity, hardware news."
mesh.tech,mesh,Hardware & Tools,"IoT networks, 3D modeling."
grid.tech,grid,Hardware & Tools,"Energy grids, computing networks."
time.tech,time,Time & Flow,"Scheduling SaaS, time-tracking."
hour.tech,hour,Time & Flow,"Gig economy, booking systems."
day.tech,day,Time & Flow,"Routine apps, planning."
week.tech,week,Time & Flow,"Project management, cycles."
now.tech,now,Time & Flow,"Real-time tech, instant delivery."
soon.tech,soon,Time & Flow,"Pre-launch tech, booking."
fast.tech,fast,Time & Flow,"Performance tech, CDN."
slow.tech,slow,Time & Flow,"Mindful tech, deliberate apps."
pace.tech,pace,Time & Flow,"Fitness tracking, workflow."
flow.tech,flow,Time & Flow,"Data streams, automation, UX."
drift.tech,drift,Time & Flow,"Autonomous driving, variance tech."
flux.tech,flux,Time & Flow,"State management, continuous change."
shift.tech,shift,Time & Flow,"HR tech, change management."
jump.tech,jump,Time & Flow,"Gaming, innovation leaps."
leap.tech,leap,Time & Flow,"Future tech, massive improvement."
step.tech,step,Time & Flow,"Tutorials, health, robotics."
path.tech,path,Time & Flow,"User journeys, navigation, logic."
way.tech,way,Time & Flow,"Navigation, methodologies."
gate.tech,gate,Time & Flow,"Gateways, access control."
port.tech,port,Time & Flow,"API endpoints, shipping, networking."
data.tech,data,Science & Data,"Big data, analytics, storage."
info.tech,info,Science & Data,"Information systems, directories."
math.tech,math,Science & Data,"Algorithm tech, edtech."
code.tech,code,Science & Data,"Software development, edtech."
read.tech,read,Science & Data,"OCR, document analysis."
write.tech,write,Science & Data,"Generative AI text, editors."
note.tech,note,Science & Data,"Knowledge management, AI writing."
file.tech,file,Science & Data,"Cloud storage, documentation."
doc.tech,doc,Science & Data,"Document SaaS, medical tech."
map.tech,map,Science & Data,"GIS, navigation, data mapping."
chart.tech,chart,Science & Data,"Analytics, dashboards, medtech."
graph.tech,graph,Science & Data,"Social graphs, data visualizers."
scan.tech,scan,Science & Data,"Cybersecurity, medical imaging."
track.tech,track,Science & Data,"GPS, analytics, logistics."
trace.tech,trace,Science & Data,"Supply chain, error tracing."
index.tech,index,Science & Data,"Search engines, database indexing."
query.tech,query,Science & Data,"Search, database tech."
search.tech,search,Science & Data,"Information retrieval, AI search."
find.tech,find,Science & Data,"Discovery platforms, search."
look.tech,look,Science & Data,"Visual discovery, fashion tech."
media.tech,media,Media,"Digital media, social platforms."
news.tech,news,Media,"Journalism tech, AI feeds."
press.tech,press,Media,"Publishing tech, PR platforms."
cast.tech,cast,Media,"Podcasting, streaming, VR."
show.tech,show,Media,"Event tech, demos, streaming."
film.tech,film,Media,"Video production tech, AI film."
play.tech,play,Media,"Gaming, interactivity, music."
song.tech,song,Media,"Music tech, AI generation."
sound.tech,sound,Media,"Audio engineering, music."
voice.tech,voice,Media,"Voice assistants, audio interfaces."
chat.tech,chat,Media,"Conversational AI, messaging."
text.tech,text,Media,"Messaging, NLP tech."
vibe.tech,vibe,Media,"Social tech, sentiment analysis."
mood.tech,mood,Media,"Wellness apps, AI sentiment."
tone.tech,tone,Media,"Audio tools, AI tone analysis."
view.tech,view,Media,"Displays, analytics, computer vision."
sight.tech,sight,Media,"AR/VR, computer vision."
focus.tech,focus,Media,"Photography tech, productivity apps."
lens.tech,lens,Media,"Optics, AR/VR perspectives."
pixel.tech,pixel,Media,"Design, display tech, gaming."
clear.tech,clear,Quality,"Transparency tech, analytics."
sharp.tech,sharp,Quality,"Precision tech, displays."
keen.tech,keen,Quality,"AI insight, analytics."
deep.tech,deep,Quality,"Deep learning, deep sea tech."
wide.tech,wide,Quality,"Broadband, expansive platforms."
high.tech,high,Quality,"Aerospace, performance tech."
low.tech,low,Quality,"Low-code, energy efficiency."
large.tech,large,Quality,"Enterprise scale, big data."
small.tech,small,Quality,"Micro-services, nanotech."
tiny.tech,tiny,Quality,"Microchips, precision tech."
bold.tech,bold,Quality,"Disruptive tech, creative agencies."
brave.tech,brave,Quality,"Security tech, privacy browsers."
calm.tech,calm,Quality,"Wellness tech, cybersecurity."
smart.tech,smart,Quality,"AI, IoT, automation."
wise.tech,wise,Quality,"Consulting, edtech, expert systems."
fast.tech,fast,Quality,"Performance tech, CDN."
quick.tech,quick,Quality,"Agile tools, rapid dev."
swift.tech,swift,Quality,"Fintech transactions, programming."
prime.tech,prime,Quality,"Foundational tech, premium."
max.tech,max,Quality,"Optimization, capacity."
work.tech,work,Utility,"Future of work, collaboration."
job.tech,job,Utility,"HR tech, recruitment, tasks."
task.tech,task,Utility,"Project management, to-do apps."
team.tech,team,Utility,"Collaboration, HR platforms."
pay.tech,pay,Utility,"Fintech, payroll, gateways."
bank.tech,bank,Utility,"Digital banking, neobanks."
save.tech,save,Utility,"Savings tech, preservation."
spend.tech,spend,Utility,Expense management software.
earn.tech,earn,Utility,Gig economy platforms.
gain.tech,gain,Utility,"Performance analytics, fintech."
cost.tech,cost,Utility,"Cloud cost optimization, fintech."
rate.tech,rate,Utility,"Review platforms, mortgage fintech."
bid.tech,bid,Utility,"Ad-tech, programmatic auctions."
ask.tech,ask,Utility,"Market pricing, Q&A AI."
deal.tech,deal,Utility,"B2B negotiations, fintech."
shop.tech,shop,Utility,"E-commerce platforms, retail."
buy.tech,buy,Utility,"Consumer tech, procurement."
sell.tech,sell,Utility,"Sales automation, marketplaces."
cart.tech,cart,Utility,"Logistics, shopping SaaS."
mall.tech,mall,Utility,Virtual marketplaces.