ï»¿Domain,Keyword,Category,Analyst Logic (Why it sells)
shift.tech,shift,Action Verb,"Represents change, movement, and agile SaaS."
sync.tech,sync,Action Verb,"Perfect for data synchronization, integration apps."
launch.tech,launch,Action Verb,"Startups, incubators, space-tech."
pivot.tech,pivot,Action Verb,"Agile methodology, business intelligence."
flow.tech,flow,Action Verb,"Workflow automation, data streams, liquid UX."
boost.tech,boost,Action Verb,"Performance enhancement, marketing tech."
forge.tech,forge,Action Verb,"Development, creation, hardware startups."
scale.tech,scale,Action Verb,"Growth, enterprise solutions, cloud computing."
merge.tech,merge,Action Verb,"Data consolidation, Git ops, M&A tools."
dash.tech,dash,Action Verb,"Speed, delivery, analytics dashboards."
soar.tech,soar,Action Verb,"Growth, analytics, aerospace."
ignite.tech,ignite,Action Verb,"Innovation, accelerators, startup funding."
spark.tech,spark,Action Verb,"Creativity, AI ideation, clean energy."
vault.tech,vault,Action Verb,"Security, crypto storage, data protection."
glide.tech,glide,Action Verb,"Smooth UX, mobility, frictionless tech."
rise.tech,rise,Action Verb,"Growth tracking, HR tech, wellness apps."
peak.tech,peak,Action Verb,"Performance tech, analytics, outdoor tech."
craft.tech,craft,Action Verb,"Developer tools, design software."
build.tech,build,Action Verb,"Construction tech, developer platforms."
make.tech,make,Action Verb,"Maker community, 3D printing, DIY tech."
grow.tech,grow,Action Verb,"AgTech, marketing automation, personal development."
link.tech,link,Action Verb,"Networking, APIs, connectivity."
connect.tech,connect,Action Verb,"IoT, telecommunications, social tech."
push.tech,push,Action Verb,"Notifications, marketing, code deployment."
pull.tech,pull,Action Verb,"Data scraping, API management."
draw.tech,draw,Action Verb,"Design tools, AI image generation."
paint.tech,paint,Action Verb,"Creative tech, AR/VR, UI/UX."
solve.tech,solve,Action Verb,"AI consulting, algorithm development."
think.tech,think,Action Verb,"AI, machine learning, deep learning."
learn.tech,learn,Action Verb,"EdTech, machine learning algorithms."
adapt.tech,adapt,Action Verb,"Responsive AI, climate tech."
evolve.tech,evolve,Action Verb,"Biotech, continuous integration, AI."
drive.tech,drive,Action Verb,"Autonomous vehicles, cloud storage, motivation."
steer.tech,steer,Action Verb,"Management, autonomous tech, navigation."
sail.tech,sail,Action Verb,"Smooth deployment, maritime tech."
fly.tech,fly,Action Verb,"Drone tech, aerospace, rapid delivery."
jump.tech,jump,Action Verb,"Innovation leaps, fitness tech."
run.tech,run,Action Verb,"Execution environments, fitness, automation."
walk.tech,walk,Action Verb,"Health tech, robotics, step tracking."
track.tech,track,Action Verb,"Analytics, logistics, GPS."
trace.tech,trace,Action Verb,"Supply chain, blockchain provenance."
scan.tech,scan,Action Verb,"Security, medical imaging, OCR."
print.tech,print,Action Verb,"3D printing, SaaS documentation."
cast.tech,cast,Action Verb,"Podcasting, streaming, VR."
beam.tech,beam,Action Verb,"Optics, data transmission, energy."
send.tech,send,Action Verb,"Email tech, logistics, APIs."
receive.tech,receive,Action Verb,"Data ingest, communication tech."
store.tech,store,Action Verb,"Cloud storage, e-commerce platforms."
save.tech,save,Action Verb,"FinTech savings, data storage, sustainability."
spend.tech,spend,Action Verb,"FinTech, expense management."
nova.tech,nova,Cosmic/Deep Tech,"Stellar explosion, signifies something radically new."
apex.tech,apex,Cosmic/Deep Tech,The peak/summit. High performance tech.
nexus.tech,nexus,Cosmic/Deep Tech,"Central connection point. IoT, networks, AI."
core.tech,core,Cosmic/Deep Tech,"Infrastructure, hardware, deep learning."
pulse.tech,pulse,Cosmic/Deep Tech,"Data streams, healthcare monitors, social listening."
wave.tech,wave,Cosmic/Deep Tech,"Sound tech, optics, blockchain trends."
grid.tech,grid,Cosmic/Deep Tech,"Energy distribution, computing networks."
node.tech,node,Cosmic/Deep Tech,"Blockchain, networking, data structures."
loop.tech,loop,Cosmic/Deep Tech,"Automation, circular economy, coding."
aura.tech,aura,Cosmic/Deep Tech,"Wellness tech, AR, AI sentiment analysis."
echo.tech,echo,Cosmic/Deep Tech,"Acoustics, communication, data replication."
halo.tech,halo,Cosmic/Deep Tech,"Security, premium services, angel investing."
omni.tech,omni,Cosmic/Deep Tech,"Omnichannel commerce, AGI, universal platforms."
zenith.tech,zenith,Cosmic/Deep Tech,"Peak performance, aerospace, elite tech."
axiom.tech,axiom,Cosmic/Deep Tech,"Truth, logic processing, cryptography."
vertex.tech,vertex,Cosmic/Deep Tech,"3D modeling, advanced math, AI graphs."
quantum.tech,quantum,Cosmic/Deep Tech,"Quantum computing, extreme speed."
flux.tech,flux,Cosmic/Deep Tech,"Continuous change, state management in apps."
orbit.tech,orbit,Cosmic/Deep Tech,"Space tech, ecosystem platforms."
stellar.tech,stellar,Cosmic/Deep Tech,"Space tech, highly rated platforms."
lunar.tech,lunar,Cosmic/Deep Tech,"Space tech, night-mode applications."
solar.tech,solar,Cosmic/Deep Tech,"Clean energy, bright innovation."
atom.tech,atom,Cosmic/Deep Tech,"Micro-services, fundamental physics, nanotech."
quark.tech,quark,Cosmic/Deep Tech,"Deep tech, physics, microscopic analysis."
ion.tech,ion,Cosmic/Deep Tech,"Battery tech, fast processing."
photon.tech,photon,Cosmic/Deep Tech,"Optics, light-speed data, photography."
prism.tech,prism,Cosmic/Deep Tech,"Data filtering, optics, analytics views."
spectrum.tech,spectrum,Cosmic/Deep Tech,"Broadcasting, comprehensive data suites."
matrix.tech,matrix,Cosmic/Deep Tech,"Complex data, VR environments."
galaxy.tech,galaxy,Cosmic/Deep Tech,"Vast data, ecosystem mapping."
cosmos.tech,cosmos,Cosmic/Deep Tech,"Space exploration, universal platforms."
meteor.tech,meteor,Cosmic/Deep Tech,"Fast frameworks, disruptive tech."
comet.tech,comet,Cosmic/Deep Tech,"High-speed delivery, tracking."
cloud.tech,cloud,Cosmic/Deep Tech,"Cloud computing, storage, remote work."
storm.tech,storm,Cosmic/Deep Tech,"Brainstorming, intense processing."
thunder.tech,thunder,Cosmic/Deep Tech,"Powerful impact, audio tech."
light.tech,light,Cosmic/Deep Tech,"Speed, lightweight apps, optics."
dark.tech,dark,Cosmic/Deep Tech,"Cybersecurity, dark mode UI, stealth mode."
shadow.tech,shadow,Cosmic/Deep Tech,"Cybersecurity, stealth tech, background processing."
stone.tech,stone,Cosmic/Deep Tech,"Solid foundations, secure storage."
rock.tech,rock,Cosmic/Deep Tech,"Reliability, fundamental tech."
water.tech,water,Cosmic/Deep Tech,"Fluidity, liquid cooling, ocean tech."
ice.tech,ice,Cosmic/Deep Tech,"Cooling systems, frozen storage (crypto)."
fire.tech,fire,Cosmic/Deep Tech,"Intense processing, firewall security."
earth.tech,earth,Cosmic/Deep Tech,"AgTech, sustainability, mapping."
wind.tech,wind,Cosmic/Deep Tech,"Clean energy, aerodynamic modeling."
logic.tech,logic,Data & Logic,"Algorithm design, AI reasoning, consulting."
byte.tech,byte,Data & Logic,"Data storage, basic computing blocks."
data.tech,data,Data & Logic,"Big data, analytics, storage."
graph.tech,graph,Data & Logic,"Social graphs, GraphQL, analytics visualizers."
stack.tech,stack,Data & Logic,"Software stacks, developer tools."
code.tech,code,Data & Logic,"Development, education, software."
bit.tech,bit,Data & Logic,"Micro-transactions, computing basics."
pixel.tech,pixel,Data & Logic,"Design, displays, gaming, computer vision."
voxel.tech,voxel,Data & Logic,"3D gaming, medical imaging, Metaverse."
vector.tech,vector,Data & Logic,"AI databases, graphics, physics engines."
raster.tech,raster,Data & Logic,"Image processing, mapping, graphics."
cache.tech,cache,Data & Logic,"Speed optimization, memory management."
proxy.tech,proxy,Data & Logic,"Security, networking, privacy."
ping.tech,ping,Data & Logic,"Network monitoring, status tools."
query.tech,query,Data & Logic,"Databases, search engines, analytics."
hash.tech,hash,Data & Logic,"Cryptography, blockchain, security."
token.tech,token,Data & Logic,"Web3, authentication, digital assets."
block.tech,block,Data & Logic,"Blockchain, visual programming."
chain.tech,chain,Data & Logic,"Supply chain, Web3, sequential logic."
root.tech,root,Data & Logic,"Admin access, foundational tech, agriculture."
seed.tech,seed,Data & Logic,"Venture capital, early-stage, agriculture."
branch.tech,branch,Data & Logic,"Git workflows, expansion, mind-mapping."
leaf.tech,leaf,Data & Logic,"Green tech, UX simplicity, UI components."
tree.tech,tree,Data & Logic,"Data structures, sustainability, genealogy."
forest.tech,forest,Data & Logic,"Ecosystem platforms, sustainability."
stream.tech,stream,Data & Logic,"Video, audio, live data feeds."
lake.tech,lake,Data & Logic,"Data lakes, massive storage."
pool.tech,pool,Data & Logic,"Resource sharing, mining pools, crypto."
mine.tech,mine,Data & Logic,"Data mining, cryptocurrency, hardware."
drill.tech,drill,Data & Logic,"Deep data analysis, extraction tools."
mesh.tech,mesh,Data & Logic,"IoT networks, 3D modeling, communication."
fabric.tech,fabric,Data & Logic,"Underlying network infrastructure, wearables."
thread.tech,thread,Data & Logic,"Multi-threading, communication platforms."
wire.tech,wire,Data & Logic,"News feeds, hardware, connectivity."
cable.tech,cable,Data & Logic,"Infrastructure, broadcasting."
fiber.tech,fiber,Data & Logic,"High-speed internet, material science."
signal.tech,signal,Data & Logic,"Trading alerts, secure communication."
noise.tech,noise,Data & Logic,"Acoustics, data filtering, AI generation."
sound.tech,sound,Data & Logic,"Audio tech, music platforms, robust systems."
vision.tech,vision,Data & Logic,"Computer vision, AR/VR, strategic planning."
pure.tech,pure,Brandable Quality,"Clean code, clean tech, simplified UX."
true.tech,TRUE,Brandable Quality,"Verification, fact-checking, authentic data."
real.tech,real,Brandable Quality,"Real estate, AR/VR grounding, authenticity."
fake.tech,fake,Brandable Quality,"Deepfake detection, testing environments."
good.tech,good,Brandable Quality,"Tech for good, philanthropy, positive impact."
best.tech,best,Brandable Quality,"Review platforms, top-tier services."
prime.tech,prime,Brandable Quality,"Premium services, foundational numbers, B2B."
first.tech,first,Brandable Quality,"Pioneering startups, primary solutions."
next.tech,next,Brandable Quality,"Future-focused, innovation pipelines."
last.tech,last,Brandable Quality,"Last-mile delivery, definitive solutions."
fast.tech,fast,Brandable Quality,"Speed, CDN, rapid delivery."
slow.tech,slow,Brandable Quality,"Slow living apps, deliberate processing."
quick.tech,quick,Brandable Quality,"Rapid development, agile tools."
swift.tech,swift,Brandable Quality,"Apple dev, rapid financial transactions."
smart.tech,smart,Brandable Quality,"IoT, AI, automation."
wise.tech,wise,Brandable Quality,"AI consulting, educational tech, elder care."
bold.tech,bold,Brandable Quality,"Disruptive startups, design agencies."
brave.tech,brave,Brandable Quality,"Privacy browsers, disruptive tech."
clear.tech,clear,Brandable Quality,"Transparency, analytics, communication."
sharp.tech,sharp,Brandable Quality,"Precision tech, high-def displays, analytics."
keen.tech,keen,Brandable Quality,"Insightful AI, observation tools."
deep.tech,deep,Brandable Quality,"Deep learning, ocean tech, profound analytics."
high.tech,high,Brandable Quality,"High performance, aerospace, scaling."
low.tech,low,Brandable Quality,"Low-code platforms, discount tech."
flat.tech,flat,Brandable Quality,"Flat UI, democratic platforms, simple pricing."
round.tech,round,Brandable Quality,"Comprehensive services, 360 views."
square.tech,square,Brandable Quality,"Payments, solid foundations, fairness."
base.tech,base,Brandable Quality,"Databases, foundational platforms, headquarters."
top.tech,top,Brandable Quality,"Rankings, premium tiers, leadership."
peak.tech,peak,Brandable Quality,"Maximum performance, analytics."
pro.tech,pro,Brandable Quality,"Professional grade tools, B2B SaaS."
max.tech,max,Brandable Quality,"Maximum capacity, optimization tools."
ultra.tech,ultra,Brandable Quality,"Extreme performance, high-end hardware."
hyper.tech,hyper,Brandable Quality,"Hyper-automation, extreme speed, networking."
mega.tech,mega,Brandable Quality,"Large scale, massive storage."
giga.tech,giga,Brandable Quality,"Data volume, high-speed networking."
tera.tech,tera,Brandable Quality,"Massive data, enterprise storage."
peta.tech,peta,Brandable Quality,"Exascale computing, future data."
exa.tech,exa,Brandable Quality,"Extreme scale computing, ultimate data."
zeta.tech,zeta,Brandable Quality,"Ultimate scale, conceptual tech."
nano.tech,nano,Brandable Quality,"Nanotech, micro-services, tiny precision."
micro.tech,micro,Brandable Quality,"Micro-mobility, micro-services, chips."
mini.tech,mini,Brandable Quality,"Compact tech, consumer electronics."
macro.tech,macro,Brandable Quality,"Big picture analytics, economic tech."
omni.tech,omni,Brandable Quality,"All-encompassing platforms, multi-channel."
poly.tech,poly,Brandable Quality,"Multi-faceted, 3D modeling, polygon chains."
mono.tech,mono,Brandable Quality,"Monolithic architecture, singular focus."
duo.tech,duo,Brandable Quality,"2FA, paired devices, collaboration."
trio.tech,trio,Brandable Quality,"Three-part harmony, suites, combinations."
quad.tech,quad,Brandable Quality,"Drones, multi-core, four-part systems."
hex.tech,hex,Brandable Quality,"Hexadecimal coding, solid structures."
octo.tech,octo,Brandable Quality,"Multi-tentacled platforms, 8-core tech."
alpha.tech,alpha,Brandable Quality,"Early access, leading tech, finance alpha."
beta.tech,beta,Brandable Quality,"Testing phases, continuous improvement."
delta.tech,delta,Brandable Quality,"Change tracking, differences, aviation."
gamma.tech,gamma,Brandable Quality,"High energy, specialized tech."
omega.tech,omega,Brandable Quality,"The ultimate solution, final iteration."
sigma.tech,sigma,Brandable Quality,"Statistical analysis, quality control (Six Sigma)."
zero.tech,zero,Brandable Quality,"Zero-trust security, zero-emission, starting point."
one.tech,one,Brandable Quality,"Unified platform, the primary choice."
two.tech,two,Brandable Quality,"B2B/B2C components, alternatives."
ten.tech,ten,Brandable Quality,"Top 10, decimal basis, completeness."
hundred.tech,hundred,Brandable Quality,"Scale, large quantities."
thousand.tech,thousand,Brandable Quality,"Massive scale, extensive data."