ï»¿Domain,Keyword,Category,Market Logic
forge.tech,forge,Industrial,"Creation, metal-working tech, hardware startups."
mold.tech,mold,Industrial,"Manufacturing tech, 3D printing, shaping."
cast.tech,cast,Industrial,"Production tech, media broadcasting, manufacturing."
weld.tech,weld,Industrial,"Construction tech, industrial automation, hardware."
drill.tech,drill,Industrial,"Data extraction, resource exploration tech."
mill.tech,mill,Industrial,"Processing tech, manufacturing, agriculture."
grind.tech,grind,Industrial,"Machining tech, performance optimization."
stamp.tech,stamp,Industrial,"Verification tech, manufacturing, blockchain."
etch.tech,etch,Industrial,"Chip manufacturing (lithography), design tech."
print.tech,print,Industrial,"3D printing, additive manufacturing, media."
scan.tech,scan,Industrial,"Cybersecurity, medical imaging, logistics."
trace.tech,trace,Industrial,"Supply chain, debugging, logic mapping."
plot.tech,plot,Industrial,"GIS, analytics, real estate tech."
mark.tech,mark,Industrial,"Tracking, branding, educational grading."
gauge.tech,gauge,Industrial,"Monitoring, diagnostics, sensor tech."
lever.tech,lever,Industrial,"Fintech (leverage), mechanical engineering."
gear.tech,gear,Industrial,"Hardware settings, wearables, mechanics."
bolt.tech,bolt,Industrial,"Speed, hardware, fast transactions."
beam.tech,beam,Industrial,"Laser tech, optics, structural tech."
grid.tech,grid,Industrial,"Energy networks, computing clusters."
carbon.tech,carbon,Climate-Tech,"Carbon capture, tracking, ESG platforms."
clean.tech,clean,Climate-Tech,"Clean energy, ESG software, data cleaning."
green.tech,green,Climate-Tech,"Sustainability, eco-friendly tech, climate."
pure.tech,pure,Climate-Tech,"Clean code, clean energy, simple UX."
solar.tech,solar,Climate-Tech,"Solar energy, clean tech, hardware."
wind.tech,wind,Climate-Tech,"Wind power, aerodynamics, renewable energy."
hydro.tech,hydro,Climate-Tech,"Water energy, irrigation tech."
aqua.tech,aqua,Climate-Tech,"Aquaculture tech, water management."
eco.tech,eco,Climate-Tech,"Ecology, green tech, sustainability."
nature.tech,nature,Climate-Tech,"Bio-tech, environment tech, sustainability."
earth.tech,earth,Climate-Tech,"GIS, sustainability, mapping."
blue.tech,blue,Climate-Tech,"Ocean tech, deep tech, marine research."
leaf.tech,leaf,Climate-Tech,"Green tech, UI components, AgTech."
soil.tech,soil,Climate-Tech,"Agri-tech, environmental sensors."
crop.tech,crop,Climate-Tech,"Agriculture automation, food tech."
farm.tech,farm,Climate-Tech,"AgTech, server farms, yield farming."
seed.tech,seed,Climate-Tech,"AgTech, VC funding, startup origins."
root.tech,root,Climate-Tech,"Admin access, foundational tech, AgTech."
bio.tech,bio,Climate-Tech,"Biotechnology, healthcare, life sciences."
gen.tech,gen,Climate-Tech,"Generative AI, genomics, energy generation."
legal.tech,legal,Legal-Tech,"Law tech, compliance software, AI legal."
audit.tech,audit,Legal-Tech,"Accounting software, security audits, RegTech."
claim.tech,claim,Legal-Tech,"InsurTech, legal tech, automated claims."
brief.tech,brief,Legal-Tech,"Legal tech, marketing communication apps."
case.tech,case,Legal-Tech,"Legal tech, hardware housing, research."
file.tech,file,Legal-Tech,"Storage SaaS, documentation, legal."
tax.tech,tax,Legal-Tech,"RegTech, accounting automation."
reg.tech,reg,Legal-Tech,"Regulatory compliance, government tech."
law.tech,law,Legal-Tech,"Legal tech, physics engines, compliance."
trust.tech,trust,Legal-Tech,"Zero-trust security, blockchain proof."
proof.tech,proof,Legal-Tech,"Mathematics, blockchain verification, crypto."
valid.tech,valid,Legal-Tech,"Identity tech, RegTech, validation."
auth.tech,auth,Legal-Tech,"Authentication, security protocols."
sign.tech,sign,Legal-Tech,"Digital signatures, blockchain, UI."
seal.tech,seal,Legal-Tech,"Security, hardware sealing, verification."
oath.tech,oath,Legal-Tech,"Security protocols, identity tech."
rule.tech,rule,Legal-Tech,"Automation logic, RegTech, firewalls."
judge.tech,judge,Legal-Tech,"AI decision making, legal tech."
court.tech,court,Legal-Tech,"Legal tech platforms, sports tech."
bond.tech,bond,Legal-Tech,"Fintech (bonds), material science, social."
asset.tech,asset,FinTech,"Wealth tech, digital asset management."
stock.tech,stock,FinTech,"Fintech, inventory management, equity."
trade.tech,trade,FinTech,"B2B marketplaces, crypto exchanges."
bid.tech,bid,FinTech,"Ad-tech, auctions, procurement tech."
ask.tech,ask,FinTech,"Market pricing, Q&A AI, expert platforms."
fund.tech,fund,FinTech,"VC platforms, crowdfunding, fintech."
loan.tech,loan,FinTech,"Lending SaaS, AI scoring."
debt.tech,debt,FinTech,"Accounting, fintech, collection tech."
pay.tech,pay,FinTech,"Gateways, payroll, fintech."
bank.tech,bank,FinTech,"Neobanks, digital banking."
save.tech,save,FinTech,"Savings apps, preservation, data."
earn.tech,earn,FinTech,"Gig economy, rewards, fintech."
gain.tech,gain,FinTech,"Analytics, performance, investment."
loss.tech,loss,FinTech,"Retail security, health tech, analytics."
cost.tech,cost,FinTech,"Fintech, cloud cost optimization."
rate.tech,rate,FinTech,"Reviews, fintech scoring, analytics."
cash.tech,cash,FinTech,"Digital payments, liquid assets."
rich.tech,rich,FinTech,"Wealth tech, data-rich analytics."
gold.tech,gold,FinTech,"Premium services, fintech."
silver.tech,silver,FinTech,"Materials science, Tier 2 services."
math.tech,math,Deep Tech,"Algorithm design, data science."
logic.tech,logic,Deep Tech,"Algorithms, consulting, AI reasoning."
axiom.tech,axiom,Deep Tech,"Logical foundations, cryptography."
helix.tech,helix,Deep Tech,"Biotech, DNA sequencing, structure."
orbit.tech,orbit,Deep Tech,"Space tech, satellite networks."
sky.tech,sky,Deep Tech,"Aerospace, cloud computing."
star.tech,star,Deep Tech,"Ratings, space tech, prestige."
moon.tech,moon,Deep Tech,"Space tech, nocturnal apps."
cloud.tech,cloud,Deep Tech,"Cloud computing, storage."
base.tech,base,Deep Tech,"Databases, headquarters."
core.tech,core,Deep Tech,"Backend deep tech, infrastructure."
node.tech,node,Deep Tech,"Networking, blockchain, data points."
mesh.tech,mesh,Deep Tech,"IoT, 3D modeling, networking."
link.tech,link,Deep Tech,"Connectivity, APIs, networking."
net.tech,net,Deep Tech,"Cybersecurity, web infra."
web.tech,web,Deep Tech,"Internet infra, development."
app.tech,app,Deep Tech,"Software development, SaaS."
box.tech,box,Deep Tech,"Hardware, sandboxes, logistics."
aim.tech,aim,Action,"Precision analytics, goal tracking."
goal.tech,goal,Action,"Performance management, OKR software."
win.tech,win,Action,"Sales tech, gaming, competition."
lead.tech,lead,Action,"Marketing automation, CRM, leadership."
best.tech,best,Action,"Review platforms, top-tier services."
top.tech,top,Action,"Rankings, premium tiers, leadership."
peak.tech,peak,Action,"Performance monitoring, analytics."
max.tech,max,Action,"Optimization, capacity, performance."
ultra.tech,ultra,Action,"High-end hardware, extreme tech."
hyper.tech,hyper,Action,"Automation, networking, speed."
super.tech,super,Action,"High performance, powerful AI."
mega.tech,mega,Action,"Large-scale systems, massive storage."
soar.tech,soar,Action,"Growth analytics, aerospace tech."
rise.tech,rise,Action,"Growth tracking, HR tech, fintech."
move.tech,move,Action,"Mobility apps, logistics, fitness."
shift.tech,shift,Action,"HR tech, change management, automation."
flow.tech,flow,Action,"Automation, data streams, liquid UX."
boost.tech,boost,Action,"Performance enhancement, marketing."
jump.tech,jump,Action,"Innovation leaps, gaming, fitness."
leap.tech,leap,Action,"Future tech, quantum innovation."
news.tech,news,Media,"Journalism tech, AI feeds."
press.tech,press,Media,"Publishing tech, hardware, PR."
show.tech,show,Media,"Event tech, demos, streaming."
play.tech,play,Media,"Gaming, music, interactivity."
art.tech,art,Media,"Generative AI, design software."
talk.tech,talk,Media,"Communication platforms, messaging."
voice.tech,voice,Media,"Voice assistants, NLP."
hear.tech,hear,Media,"Accessibility tech, audio monitoring."
read.tech,read,Media,"OCR, document analysis."
write.tech,write,Media,"Generative AI, editors, code."
note.tech,note,Media,"Knowledge management, AI writing."
page.tech,page,Media,"Web builders, documentation."
vibe.tech,vibe,Media,"Social tech, sentiment analysis."
mood.tech,mood,Media,"Wellness, music tech."
echo.tech,echo,Media,"Data replication, acoustics."
mind.tech,mind,Media,"AI reasoning, mental health."
soul.tech,soul,Media,"Wellness, creative AI."
life.tech,life,Media,"Longevity, health tech, biotech."
book.tech,book,Media,"Booking SaaS, edtech, publishing."
team.tech,team,Social,"Collaboration tools, HR."
crew.tech,crew,Social,"Logistics, gaming, media production."
folk.tech,folk,Social,"Community platforms, social tech."
tribe.tech,tribe,Social,"Niche networking, brand groups."
club.tech,club,Social,"Memberships, exclusive NFT groups."
group.tech,group,Social,"Enterprise, networking, clusters."
care.tech,care,Social,"Healthcare, elderly care."
help.tech,help,Social,"Support tech, accessibility."
meet.tech,meet,Social,"Video conferencing, networking."
join.tech,join,Social,"Onboarding, social platforms."
love.tech,love,Social,"Dating, philanthropy, apps."
kind.tech,kind,Social,"Social impact tech, classification."
mate.tech,mate,Social,"Dating tech, collaborative robots."
face.tech,face,Social,"Biometrics, facial recognition."
body.tech,body,Social,"Wearables, biometrics, fitness."
hero.tech,hero,Social,"Gamification, fitness, support."
scout.tech,scout,Social,"Recruitment, data discovery."
guide.tech,guide,Social,"AI assistants, tutorials, navigation."
staff.tech,staff,Social,"HR tech, scheduling apps."
jobs.tech,jobs,Social,"HR tech, recruitment."
now.tech,now,Time,"Real-time tech, delivery, news."
soon.tech,soon,Time,"Pre-launch tech, booking, countdowns."
ever.tech,ever,Time,"Persistent data, longevity tech."
past.tech,past,Time,"Data recovery, history tech."
next.tech,next,Time,Future-focused innovation.
hour.tech,hour,Time,"Gig economy, booking systems."
day.tech,day,Time,"Daily routine apps, analytics."
week.tech,week,Time,"Project management, cycles."
month.tech,month,Time,"Subscription SaaS, long-term tracking."
year.tech,year,Time,"Annual planning, enterprise data."
time.tech,time,Time,"Scheduling, time-tracking SaaS."
pace.tech,pace,Time,"Workflow speed, fitness, logistics."
step.tech,step,Time,"Tutorials, health tracking, robotics."
path.tech,path,Time,"User journeys, navigation, algorithms."
way.tech,way,Time,"Navigation, methodologies, UX."
fast.tech,fast,Time,"CDN, rapid delivery, performance."
slow.tech,slow,Time,"Deliberate tech, mindfulness apps."
quick.tech,quick,Time,"Agile dev, rapid tools."
swift.tech,swift,Time,"Fintech, rapid transactions."
true.tech,TRUE,Abstract,"Verification, authentic data."
real.tech,real,Abstract,"AR/VR, real estate, authenticity."
cool.tech,cool,Abstract,"Trend tracking, cooling systems."
hot.tech,hot,Abstract,"Trending topics, thermal tech."
cold.tech,cold,Abstract,"Cold storage (crypto), cooling tech."
dry.tech,dry,Abstract,"Agriculture tech, storage."
wet.tech,wet,Abstract,"Water tech, agriculture."
bold.tech,bold,Abstract,"Creative agencies, disruptive tech."
clear.tech,clear,Abstract,"Transparency tech, analytics."
sharp.tech,sharp,Abstract,"Precision tech, display tech."
vivid.tech,vivid,Abstract,"Display tech, AR/VR, imaging."
deep.tech,deep,Abstract,"Deep learning, subsea tech."
high.tech,high,Abstract,"Aerospace, performance tech."
low.tech,low,Abstract,"Low-code, efficiency."
big.tech,big,Abstract,"Big data, enterprise scale."
small.tech,small,Abstract,"Micro-services, nanotech."
tiny.tech,tiny,Abstract,"Microchips, precision tech."
smart.tech,smart,Abstract,"AI, IoT, automation."
wise.tech,wise,Abstract,"Consulting, edtech, expert systems."
craft.tech,craft,Industrial,"Developer tools, artisanal commerce."
shape.tech,shape,Industrial,"3D modeling, fitness tech, design."
form.tech,form,Industrial,"SaaS builders, data entry, structure."
draft.tech,draft,Industrial,"Design software, sports tech, writing."
sketch.tech,sketch,Industrial,"UI/UX wireframing, design tools."