Domain,Keyword,Category,Market Logic
labo.tech,labo,CVCV Brandable - Batch 6,"Short, memorable 4-letter brandable pattern"
laba.tech,laba,CVCV Brandable - Batch 6,"Short, memorable 4-letter brandable pattern"
labi.tech,labi,CVCV Brandable - Batch 6,"Short, memorable 4-letter brandable pattern"
laco.tech,laco,CVCV Brandable - Batch 6,"Short, memorable 4-letter brandable pattern"
laca.tech,laca,CVCV Brandable - Batch 6,"Short, memorable 4-letter brandable pattern"
laci.tech,laci,CVCV Brandable - Batch 6,"Short, memorable 4-letter brandable pattern"
lado.tech,lado,CVCV Brandable - Batch 6,"Short, memorable 4-letter brandable pattern"
lada.tech,lada,CVCV Brandable - Batch 6,"Short, memorable 4-letter brandable pattern"
ladi.tech,ladi,CVCV Brandable - Batch 6,"Short, memorable 4-letter brandable pattern"
lafo.tech,lafo,CVCV Brandable - Batch 6,"Short, memorable 4-letter brandable pattern"
lafa.tech,lafa,CVCV Brandable - Batch 6,"Short, memorable 4-letter brandable pattern"
lafi.tech,lafi,CVCV Brandable - Batch 6,"Short, memorable 4-letter brandable pattern"
lago.tech,lago,CVCV Brandable - Batch 6,"Short, memorable 4-letter brandable pattern"
laga.tech,laga,CVCV Brandable - Batch 6,"Short, memorable 4-letter brandable pattern"
lagi.tech,lagi,CVCV Brandable - Batch 6,"Short, memorable 4-letter brandable pattern"
laho.tech,laho,CVCV Brandable - Batch 6,"Short, memorable 4-letter brandable pattern"
laha.tech,laha,CVCV Brandable - Batch 6,"Short, memorable 4-letter brandable pattern"
lahi.tech,lahi,CVCV Brandable - Batch 6,"Short, memorable 4-letter brandable pattern"
lajo.tech,lajo,CVCV Brandable - Batch 6,"Short, memorable 4-letter brandable pattern"
laja.tech,laja,CVCV Brandable - Batch 6,"Short, memorable 4-letter brandable pattern"
laji.tech,laji,CVCV Brandable - Batch 6,"Short, memorable 4-letter brandable pattern"
lako.tech,lako,CVCV Brandable - Batch 6,"Short, memorable 4-letter brandable pattern"
laka.tech,laka,CVCV Brandable - Batch 6,"Short, memorable 4-letter brandable pattern"
laki.tech,laki,CVCV Brandable - Batch 6,"Short, memorable 4-letter brandable pattern"
lamo.tech,lamo,CVCV Brandable - Batch 6,"Short, memorable 4-letter brandable pattern"
lami.tech,lami,CVCV Brandable - Batch 6,"Short, memorable 4-letter brandable pattern"
lano.tech,lano,CVCV Brandable - Batch 6,"Short, memorable 4-letter brandable pattern"
lana.tech,lana,CVCV Brandable - Batch 6,"Short, memorable 4-letter brandable pattern"
lani.tech,lani,CVCV Brandable - Batch 6,"Short, memorable 4-letter brandable pattern"
lapo.tech,lapo,CVCV Brandable - Batch 6,"Short, memorable 4-letter brandable pattern"
lapa.tech,lapa,CVCV Brandable - Batch 6,"Short, memorable 4-letter brandable pattern"
lapi.tech,lapi,CVCV Brandable - Batch 6,"Short, memorable 4-letter brandable pattern"
laro.tech,laro,CVCV Brandable - Batch 6,"Short, memorable 4-letter brandable pattern"
lara.tech,lara,CVCV Brandable - Batch 6,"Short, memorable 4-letter brandable pattern"
lari.tech,lari,CVCV Brandable - Batch 6,"Short, memorable 4-letter brandable pattern"
laso.tech,laso,CVCV Brandable - Batch 6,"Short, memorable 4-letter brandable pattern"
lasa.tech,lasa,CVCV Brandable - Batch 6,"Short, memorable 4-letter brandable pattern"
lasi.tech,lasi,CVCV Brandable - Batch 6,"Short, memorable 4-letter brandable pattern"
lato.tech,lato,CVCV Brandable - Batch 6,"Short, memorable 4-letter brandable pattern"
lata.tech,lata,CVCV Brandable - Batch 6,"Short, memorable 4-letter brandable pattern"
lati.tech,lati,CVCV Brandable - Batch 6,"Short, memorable 4-letter brandable pattern"
lavo.tech,lavo,CVCV Brandable - Batch 6,"Short, memorable 4-letter brandable pattern"
lavi.tech,lavi,CVCV Brandable - Batch 6,"Short, memorable 4-letter brandable pattern"
lawo.tech,lawo,CVCV Brandable - Batch 6,"Short, memorable 4-letter brandable pattern"
lawa.tech,lawa,CVCV Brandable - Batch 6,"Short, memorable 4-letter brandable pattern"
lawi.tech,lawi,CVCV Brandable - Batch 6,"Short, memorable 4-letter brandable pattern"
laxo.tech,laxo,CVCV Brandable - Batch 6,"Short, memorable 4-letter brandable pattern"
laxa.tech,laxa,CVCV Brandable - Batch 6,"Short, memorable 4-letter brandable pattern"
laxi.tech,laxi,CVCV Brandable - Batch 6,"Short, memorable 4-letter brandable pattern"
lazo.tech,lazo,CVCV Brandable - Batch 6,"Short, memorable 4-letter brandable pattern"
laza.tech,laza,CVCV Brandable - Batch 6,"Short, memorable 4-letter brandable pattern"
lazi.tech,lazi,CVCV Brandable - Batch 6,"Short, memorable 4-letter brandable pattern"
lebo.tech,lebo,CVCV Brandable - Batch 6,"Short, memorable 4-letter brandable pattern"
leba.tech,leba,CVCV Brandable - Batch 6,"Short, memorable 4-letter brandable pattern"
lebi.tech,lebi,CVCV Brandable - Batch 6,"Short, memorable 4-letter brandable pattern"
leco.tech,leco,CVCV Brandable - Batch 6,"Short, memorable 4-letter brandable pattern"
leca.tech,leca,CVCV Brandable - Batch 6,"Short, memorable 4-letter brandable pattern"
leci.tech,leci,CVCV Brandable - Batch 6,"Short, memorable 4-letter brandable pattern"
ledo.tech,ledo,CVCV Brandable - Batch 6,"Short, memorable 4-letter brandable pattern"
leda.tech,leda,CVCV Brandable - Batch 6,"Short, memorable 4-letter brandable pattern"
ledi.tech,ledi,CVCV Brandable - Batch 6,"Short, memorable 4-letter brandable pattern"
lefo.tech,lefo,CVCV Brandable - Batch 6,"Short, memorable 4-letter brandable pattern"
lefa.tech,lefa,CVCV Brandable - Batch 6,"Short, memorable 4-letter brandable pattern"
lefi.tech,lefi,CVCV Brandable - Batch 6,"Short, memorable 4-letter brandable pattern"
lego.tech,lego,CVCV Brandable - Batch 6,"Short, memorable 4-letter brandable pattern"
lega.tech,lega,CVCV Brandable - Batch 6,"Short, memorable 4-letter brandable pattern"
legi.tech,legi,CVCV Brandable - Batch 6,"Short, memorable 4-letter brandable pattern"
leho.tech,leho,CVCV Brandable - Batch 6,"Short, memorable 4-letter brandable pattern"
leha.tech,leha,CVCV Brandable - Batch 6,"Short, memorable 4-letter brandable pattern"
lehi.tech,lehi,CVCV Brandable - Batch 6,"Short, memorable 4-letter brandable pattern"
lejo.tech,lejo,CVCV Brandable - Batch 6,"Short, memorable 4-letter brandable pattern"
leja.tech,leja,CVCV Brandable - Batch 6,"Short, memorable 4-letter brandable pattern"
leji.tech,leji,CVCV Brandable - Batch 6,"Short, memorable 4-letter brandable pattern"
leko.tech,leko,CVCV Brandable - Batch 6,"Short, memorable 4-letter brandable pattern"
leka.tech,leka,CVCV Brandable - Batch 6,"Short, memorable 4-letter brandable pattern"
leki.tech,leki,CVCV Brandable - Batch 6,"Short, memorable 4-letter brandable pattern"
lemo.tech,lemo,CVCV Brandable - Batch 6,"Short, memorable 4-letter brandable pattern"
lema.tech,lema,CVCV Brandable - Batch 6,"Short, memorable 4-letter brandable pattern"
lemi.tech,lemi,CVCV Brandable - Batch 6,"Short, memorable 4-letter brandable pattern"
leno.tech,leno,CVCV Brandable - Batch 6,"Short, memorable 4-letter brandable pattern"
lena.tech,lena,CVCV Brandable - Batch 6,"Short, memorable 4-letter brandable pattern"
leni.tech,leni,CVCV Brandable - Batch 6,"Short, memorable 4-letter brandable pattern"
lepo.tech,lepo,CVCV Brandable - Batch 6,"Short, memorable 4-letter brandable pattern"
lepa.tech,lepa,CVCV Brandable - Batch 6,"Short, memorable 4-letter brandable pattern"
lepi.tech,lepi,CVCV Brandable - Batch 6,"Short, memorable 4-letter brandable pattern"
lero.tech,lero,CVCV Brandable - Batch 6,"Short, memorable 4-letter brandable pattern"
lera.tech,lera,CVCV Brandable - Batch 6,"Short, memorable 4-letter brandable pattern"
leri.tech,leri,CVCV Brandable - Batch 6,"Short, memorable 4-letter brandable pattern"
leso.tech,leso,CVCV Brandable - Batch 6,"Short, memorable 4-letter brandable pattern"
lesa.tech,lesa,CVCV Brandable - Batch 6,"Short, memorable 4-letter brandable pattern"
lesi.tech,lesi,CVCV Brandable - Batch 6,"Short, memorable 4-letter brandable pattern"
leto.tech,leto,CVCV Brandable - Batch 6,"Short, memorable 4-letter brandable pattern"
leta.tech,leta,CVCV Brandable - Batch 6,"Short, memorable 4-letter brandable pattern"
leti.tech,leti,CVCV Brandable - Batch 6,"Short, memorable 4-letter brandable pattern"
levo.tech,levo,CVCV Brandable - Batch 6,"Short, memorable 4-letter brandable pattern"
leva.tech,leva,CVCV Brandable - Batch 6,"Short, memorable 4-letter brandable pattern"
levi.tech,levi,CVCV Brandable - Batch 6,"Short, memorable 4-letter brandable pattern"
lewo.tech,lewo,CVCV Brandable - Batch 6,"Short, memorable 4-letter brandable pattern"
lewa.tech,lewa,CVCV Brandable - Batch 6,"Short, memorable 4-letter brandable pattern"
lewi.tech,lewi,CVCV Brandable - Batch 6,"Short, memorable 4-letter brandable pattern"
lexo.tech,lexo,CVCV Brandable - Batch 6,"Short, memorable 4-letter brandable pattern"
lexa.tech,lexa,CVCV Brandable - Batch 6,"Short, memorable 4-letter brandable pattern"
lezo.tech,lezo,CVCV Brandable - Batch 6,"Short, memorable 4-letter brandable pattern"
leza.tech,leza,CVCV Brandable - Batch 6,"Short, memorable 4-letter brandable pattern"
lezi.tech,lezi,CVCV Brandable - Batch 6,"Short, memorable 4-letter brandable pattern"
libo.tech,libo,CVCV Brandable - Batch 6,"Short, memorable 4-letter brandable pattern"
liba.tech,liba,CVCV Brandable - Batch 6,"Short, memorable 4-letter brandable pattern"
libi.tech,libi,CVCV Brandable - Batch 6,"Short, memorable 4-letter brandable pattern"
lico.tech,lico,CVCV Brandable - Batch 6,"Short, memorable 4-letter brandable pattern"
lica.tech,lica,CVCV Brandable - Batch 6,"Short, memorable 4-letter brandable pattern"
lici.tech,lici,CVCV Brandable - Batch 6,"Short, memorable 4-letter brandable pattern"
lido.tech,lido,CVCV Brandable - Batch 6,"Short, memorable 4-letter brandable pattern"
lida.tech,lida,CVCV Brandable - Batch 6,"Short, memorable 4-letter brandable pattern"
lidi.tech,lidi,CVCV Brandable - Batch 6,"Short, memorable 4-letter brandable pattern"
lifo.tech,lifo,CVCV Brandable - Batch 6,"Short, memorable 4-letter brandable pattern"
lifa.tech,lifa,CVCV Brandable - Batch 6,"Short, memorable 4-letter brandable pattern"
lifi.tech,lifi,CVCV Brandable - Batch 6,"Short, memorable 4-letter brandable pattern"
ligo.tech,ligo,CVCV Brandable - Batch 6,"Short, memorable 4-letter brandable pattern"
liga.tech,liga,CVCV Brandable - Batch 6,"Short, memorable 4-letter brandable pattern"
ligi.tech,ligi,CVCV Brandable - Batch 6,"Short, memorable 4-letter brandable pattern"
liho.tech,liho,CVCV Brandable - Batch 6,"Short, memorable 4-letter brandable pattern"
liha.tech,liha,CVCV Brandable - Batch 6,"Short, memorable 4-letter brandable pattern"
lihi.tech,lihi,CVCV Brandable - Batch 6,"Short, memorable 4-letter brandable pattern"
lijo.tech,lijo,CVCV Brandable - Batch 6,"Short, memorable 4-letter brandable pattern"
lija.tech,lija,CVCV Brandable - Batch 6,"Short, memorable 4-letter brandable pattern"
liji.tech,liji,CVCV Brandable - Batch 6,"Short, memorable 4-letter brandable pattern"
liko.tech,liko,CVCV Brandable - Batch 6,"Short, memorable 4-letter brandable pattern"
lika.tech,lika,CVCV Brandable - Batch 6,"Short, memorable 4-letter brandable pattern"
liki.tech,liki,CVCV Brandable - Batch 6,"Short, memorable 4-letter brandable pattern"
limo.tech,limo,CVCV Brandable - Batch 6,"Short, memorable 4-letter brandable pattern"
limi.tech,limi,CVCV Brandable - Batch 6,"Short, memorable 4-letter brandable pattern"
lino.tech,lino,CVCV Brandable - Batch 6,"Short, memorable 4-letter brandable pattern"
lina.tech,lina,CVCV Brandable - Batch 6,"Short, memorable 4-letter brandable pattern"
lini.tech,lini,CVCV Brandable - Batch 6,"Short, memorable 4-letter brandable pattern"
lipo.tech,lipo,CVCV Brandable - Batch 6,"Short, memorable 4-letter brandable pattern"
lipa.tech,lipa,CVCV Brandable - Batch 6,"Short, memorable 4-letter brandable pattern"
lipi.tech,lipi,CVCV Brandable - Batch 6,"Short, memorable 4-letter brandable pattern"
liro.tech,liro,CVCV Brandable - Batch 6,"Short, memorable 4-letter brandable pattern"
lira.tech,lira,CVCV Brandable - Batch 6,"Short, memorable 4-letter brandable pattern"
liri.tech,liri,CVCV Brandable - Batch 6,"Short, memorable 4-letter brandable pattern"
liso.tech,liso,CVCV Brandable - Batch 6,"Short, memorable 4-letter brandable pattern"
lisa.tech,lisa,CVCV Brandable - Batch 6,"Short, memorable 4-letter brandable pattern"
lisi.tech,lisi,CVCV Brandable - Batch 6,"Short, memorable 4-letter brandable pattern"
lito.tech,lito,CVCV Brandable - Batch 6,"Short, memorable 4-letter brandable pattern"
lita.tech,lita,CVCV Brandable - Batch 6,"Short, memorable 4-letter brandable pattern"
liti.tech,liti,CVCV Brandable - Batch 6,"Short, memorable 4-letter brandable pattern"
livo.tech,livo,CVCV Brandable - Batch 6,"Short, memorable 4-letter brandable pattern"
liva.tech,liva,CVCV Brandable - Batch 6,"Short, memorable 4-letter brandable pattern"
livi.tech,livi,CVCV Brandable - Batch 6,"Short, memorable 4-letter brandable pattern"
liwo.tech,liwo,CVCV Brandable - Batch 6,"Short, memorable 4-letter brandable pattern"
liwa.tech,liwa,CVCV Brandable - Batch 6,"Short, memorable 4-letter brandable pattern"
liwi.tech,liwi,CVCV Brandable - Batch 6,"Short, memorable 4-letter brandable pattern"
lixo.tech,lixo,CVCV Brandable - Batch 6,"Short, memorable 4-letter brandable pattern"
lixa.tech,lixa,CVCV Brandable - Batch 6,"Short, memorable 4-letter brandable pattern"
lixi.tech,lixi,CVCV Brandable - Batch 6,"Short, memorable 4-letter brandable pattern"
lizo.tech,lizo,CVCV Brandable - Batch 6,"Short, memorable 4-letter brandable pattern"
liza.tech,liza,CVCV Brandable - Batch 6,"Short, memorable 4-letter brandable pattern"
lizi.tech,lizi,CVCV Brandable - Batch 6,"Short, memorable 4-letter brandable pattern"
lobo.tech,lobo,CVCV Brandable - Batch 6,"Short, memorable 4-letter brandable pattern"
loba.tech,loba,CVCV Brandable - Batch 6,"Short, memorable 4-letter brandable pattern"
lobi.tech,lobi,CVCV Brandable - Batch 6,"Short, memorable 4-letter brandable pattern"
loca.tech,loca,CVCV Brandable - Batch 6,"Short, memorable 4-letter brandable pattern"
loci.tech,loci,CVCV Brandable - Batch 6,"Short, memorable 4-letter brandable pattern"
lodo.tech,lodo,CVCV Brandable - Batch 6,"Short, memorable 4-letter brandable pattern"
loda.tech,loda,CVCV Brandable - Batch 6,"Short, memorable 4-letter brandable pattern"
lodi.tech,lodi,CVCV Brandable - Batch 6,"Short, memorable 4-letter brandable pattern"
lofo.tech,lofo,CVCV Brandable - Batch 6,"Short, memorable 4-letter brandable pattern"
lofa.tech,lofa,CVCV Brandable - Batch 6,"Short, memorable 4-letter brandable pattern"
lofi.tech,lofi,CVCV Brandable - Batch 6,"Short, memorable 4-letter brandable pattern"
loga.tech,loga,CVCV Brandable - Batch 6,"Short, memorable 4-letter brandable pattern"
logi.tech,logi,CVCV Brandable - Batch 6,"Short, memorable 4-letter brandable pattern"
loho.tech,loho,CVCV Brandable - Batch 6,"Short, memorable 4-letter brandable pattern"
loha.tech,loha,CVCV Brandable - Batch 6,"Short, memorable 4-letter brandable pattern"
lohi.tech,lohi,CVCV Brandable - Batch 6,"Short, memorable 4-letter brandable pattern"
lojo.tech,lojo,CVCV Brandable - Batch 6,"Short, memorable 4-letter brandable pattern"
loja.tech,loja,CVCV Brandable - Batch 6,"Short, memorable 4-letter brandable pattern"
loji.tech,loji,CVCV Brandable - Batch 6,"Short, memorable 4-letter brandable pattern"
loko.tech,loko,CVCV Brandable - Batch 6,"Short, memorable 4-letter brandable pattern"
loka.tech,loka,CVCV Brandable - Batch 6,"Short, memorable 4-letter brandable pattern"
loki.tech,loki,CVCV Brandable - Batch 6,"Short, memorable 4-letter brandable pattern"
lomo.tech,lomo,CVCV Brandable - Batch 6,"Short, memorable 4-letter brandable pattern"
loma.tech,loma,CVCV Brandable - Batch 6,"Short, memorable 4-letter brandable pattern"
lomi.tech,lomi,CVCV Brandable - Batch 6,"Short, memorable 4-letter brandable pattern"
lono.tech,lono,CVCV Brandable - Batch 6,"Short, memorable 4-letter brandable pattern"
lona.tech,lona,CVCV Brandable - Batch 6,"Short, memorable 4-letter brandable pattern"
loni.tech,loni,CVCV Brandable - Batch 6,"Short, memorable 4-letter brandable pattern"
lopa.tech,lopa,CVCV Brandable - Batch 6,"Short, memorable 4-letter brandable pattern"
lopi.tech,lopi,CVCV Brandable - Batch 6,"Short, memorable 4-letter brandable pattern"
loro.tech,loro,CVCV Brandable - Batch 6,"Short, memorable 4-letter brandable pattern"
lora.tech,lora,CVCV Brandable - Batch 6,"Short, memorable 4-letter brandable pattern"
loso.tech,loso,CVCV Brandable - Batch 6,"Short, memorable 4-letter brandable pattern"
losa.tech,losa,CVCV Brandable - Batch 6,"Short, memorable 4-letter brandable pattern"
losi.tech,losi,CVCV Brandable - Batch 6,"Short, memorable 4-letter brandable pattern"
loto.tech,loto,CVCV Brandable - Batch 6,"Short, memorable 4-letter brandable pattern"
lota.tech,lota,CVCV Brandable - Batch 6,"Short, memorable 4-letter brandable pattern"
loti.tech,loti,CVCV Brandable - Batch 6,"Short, memorable 4-letter brandable pattern"
lovo.tech,lovo,CVCV Brandable - Batch 6,"Short, memorable 4-letter brandable pattern"
lova.tech,lova,CVCV Brandable - Batch 6,"Short, memorable 4-letter brandable pattern"
lovi.tech,lovi,CVCV Brandable - Batch 6,"Short, memorable 4-letter brandable pattern"
lowo.tech,lowo,CVCV Brandable - Batch 6,"Short, memorable 4-letter brandable pattern"